task,optimizer,method,n,best_val_mean,best_val_std,final_val_mean,final_val_std,drop_val_mean,drop_val_std,peak_epoch_mean,peak_epoch_std
asym20,AdamW,Baseline,5,0.58446,0.0037447296297596524,0.5625,0.008146778504415104,0.021960000000000025,0.010397740139087902,17.4,1.51657508881031
asym20,AdamW,Fixed 0.5,5,0.57942,0.004264035647130519,0.56464,0.005639858154244663,0.014780000000000038,0.004797603568449573,18.0,1.224744871391589
asym20,AdamW,Fixed 1.0,5,0.58446,0.0037447296297596524,0.5625,0.008146778504415104,0.021960000000000025,0.010397740139087902,17.4,1.51657508881031
asym20,AdamW,Fixed 2.0,5,0.56082,0.006557209772456581,0.54694,0.006753739704785764,0.013879999999999981,0.005194901346512702,81.8,93.7533999383489
asym20,AdamW,AEES,5,0.61688,0.006712078664616516,0.57966,0.008643668202794465,0.03722000000000001,0.0039002564018279437,17.8,2.4899799195977463
asym20,AdamW,Cosine,5,0.60224,0.0063445251989412196,0.6003999999999999,0.006510376333208375,0.0018400000000000194,0.00088769364084686,187.0,10.295630140987
asym20,AdamW,Cosine + AEES,5,0.62146,0.0059777085910907276,0.59842,0.0028234730386529046,0.023040000000000015,0.007253481922497608,18.8,3.1144823004794873
asym20,SGD,Baseline,5,0.5728800000000001,0.008875359147662711,0.51944,0.015781254702969615,0.05344000000000002,0.012817097955465572,20.2,3.5637059362410923
asym20,SGD,Fixed 0.5,5,0.57468,0.006094423680710083,0.53294,0.0068207770818287305,0.04174000000000002,0.007878324695009715,20.4,3.7815340802378072
asym20,SGD,Fixed 1.0,5,0.5728800000000001,0.008875359147662711,0.51944,0.015781254702969615,0.05344000000000002,0.012817097955465572,20.2,3.5637059362410923
asym20,SGD,Fixed 2.0,5,0.55616,0.006406090851681696,0.51362,0.02067841870163189,0.04254000000000002,0.022797434066139974,25.6,6.6558245169174945
asym20,SGD,AEES,5,0.62538,0.002847279403219867,0.58356,0.012156191837907114,0.04182000000000001,0.009624292181765842,22.8,4.604345773288535
asym20,SGD,Cosine,5,0.63256,0.003743394181755383,0.63104,0.004304997096398564,0.001519999999999988,0.001143241006962221,190.0,7.314369419163897
asym20,SGD,Cosine + AEES,5,0.627,0.005780570906061102,0.62462,0.005407124929202225,0.0023800000000000045,0.0011562871615649793,89.2,92.50243240045096
sym20,AdamW,Baseline,5,0.58594,0.004602499321021136,0.54116,0.006957226458869928,0.04478000000000002,0.006053676568829842,16.8,0.8366600265340756
sym20,AdamW,Fixed 0.5,5,0.58796,0.004634975728091765,0.54364,0.005876903946807363,0.044320000000000026,0.005889142552188707,18.4,1.949358868961793
sym20,AdamW,Fixed 1.0,5,0.58594,0.004602499321021136,0.54116,0.006957226458869928,0.04478000000000002,0.006053676568829842,16.8,0.8366600265340756
sym20,AdamW,Fixed 2.0,5,0.56068,0.0035618815252616153,0.51642,0.011046130544222262,0.04426000000000001,0.007867528201411154,15.6,1.6733200530681511
sym20,AdamW,AEES,5,0.62192,0.009042787180952574,0.556,0.005781868210189528,0.06592,0.007173004949113031,18.4,3.847076812334269
sym20,AdamW,Cosine,5,0.58618,0.004304300175405992,0.58038,0.006956076480315623,0.005800000000000005,0.0046421977553740435,51.8,79.50597461826375
sym20,AdamW,Cosine + AEES,5,0.62014,0.009378326076651431,0.58366,0.005433967243184306,0.03647999999999998,0.008098580122465908,19.2,2.16794833886788
sym20,SGD,Baseline,5,0.57044,0.007136735948597194,0.48644,0.01606916301491773,0.08399999999999999,0.015331014317389436,19.0,1.5811388300841898
sym20,SGD,Fixed 0.5,5,0.57446,0.006488297157190012,0.50614,0.01112667964848454,0.06832000000000003,0.008986768050862333,20.0,1.5811388300841898
sym20,SGD,Fixed 1.0,5,0.57044,0.007136735948597194,0.48644,0.01606916301491773,0.08399999999999999,0.015331014317389436,19.0,1.5811388300841898
sym20,SGD,Fixed 2.0,5,0.5518,0.007831985699680515,0.46012000000000003,0.01117908761930059,0.09167999999999997,0.007815497424988346,25.6,1.949358868961793
sym20,SGD,AEES,5,0.6248400000000001,0.004976745924798654,0.5642,0.006974238309665064,0.06064000000000003,0.009956304535318324,24.4,3.286335345030997
sym20,SGD,Cosine,5,0.62222,0.004054257021946197,0.62042,0.00439852247919682,0.0017999999999999794,0.0009433981132056094,171.4,15.076471735787521
sym20,SGD,Cosine + AEES,5,0.6307,0.00744311762637137,0.61434,0.0027736257858622547,0.01636000000000002,0.006060775527933718,26.2,2.7748873851023217
sym40,AdamW,Baseline,5,0.51676,0.006208703568378831,0.38064,0.0012300406497347868,0.13612,0.0064001562480927076,15.8,1.4832396974191326
sym40,AdamW,Fixed 0.5,5,0.52484,0.007373465942146855,0.39014,0.004573620010451246,0.13470000000000001,0.00818687974749841,17.4,1.140175425099138
sym40,AdamW,Fixed 1.0,5,0.51676,0.006208703568378831,0.38064,0.0012300406497347868,0.13612,0.0064001562480927076,15.8,1.4832396974191326
sym40,AdamW,Fixed 2.0,5,0.48844,0.010277305094235552,0.35654,0.00566815666685387,0.13190000000000002,0.005863019699779297,15.8,1.3038404810405297
sym40,AdamW,AEES,5,0.55018,0.011197633678594767,0.39912000000000003,0.011963778667294053,0.15106,0.017040921336594426,18.0,1.5811388300841898
sym40,AdamW,Cosine,5,0.51718,0.0077328519965146015,0.42224,0.004958124645468269,0.09494000000000002,0.01092327789630932,16.0,0.7071067811865476
sym40,AdamW,Cosine + AEES,5,0.5472400000000001,0.007772580009237612,0.42522,0.013709376353430523,0.12202000000000002,0.011236191525601557,18.6,1.51657508881031
sym40,SGD,Baseline,5,0.50074,0.008139594584498656,0.33788,0.012252224287858922,0.16286,0.010947511132673001,20.4,1.51657508881031
sym40,SGD,Fixed 0.5,5,0.5084799999999999,0.007332257496842287,0.34896,0.0033403592621153695,0.15952,0.007353706548401275,20.0,1.4142135623730951
sym40,SGD,Fixed 1.0,5,0.50074,0.008139594584498656,0.33788,0.012252224287858922,0.16286,0.010947511132673001,20.4,1.51657508881031
sym40,SGD,Fixed 2.0,5,0.47296,0.012771178489082371,0.31732,0.011958553424223178,0.15564,0.0074898598117722,26.0,1.8708286933869707
sym40,SGD,AEES,5,0.55628,0.009857839519894818,0.39668000000000003,0.038377688830881926,0.15960000000000002,0.040185009642900435,25.0,2.5495097567963922
sym40,SGD,Cosine,5,0.5011,0.01113552872566004,0.46865999999999997,0.007713170554318118,0.032440000000000024,0.009714576676314817,18.6,1.51657508881031
sym40,SGD,Cosine + AEES,5,0.55996,0.008908030085265773,0.4629,0.006024948132556832,0.09706000000000001,0.00474478661269399,25.6,1.949358868961793
