task,optimizer,config,label,n,wall_minutes_mean,wall_minutes_std,sec_per_epoch_mean,sec_per_epoch_std,sec_per_step_mean,sec_per_step_std,steps_per_second_mean,steps_per_second_std,tflops_per_second_mean,tflops_per_second_std,overhead_vs_baseline_none_pct,total_epochs,total_steps,paths
CIFAR-100,SGD,baseline_none,Baseline,3,1.8599916772661447,0.07398167191981819,5.165785311187184,0.044922349110306466,0.014271035886952516,0.0005676343114052556,70.14732565938881,2.8410405763052964,1.0620771557636361,0.04301524350825414,0.0,20,7820,results/compute_overhead/cifar_clean_sgd_baseline_none_seed0.json;results/compute_overhead/cifar_clean_sgd_baseline_none_seed0_run2.json;results/compute_overhead/cifar_clean_sgd_baseline_none_seed0_run3.json
CIFAR-100,SGD,baseline_cosine,Cosine,3,1.7475352665503225,0.01822123472781835,5.164606031912722,0.03921585263295962,0.013408198976089431,0.00013980487003441294,74.58665020466624,0.7794582393298216,1.1292914813596526,0.011801516053280121,-0.02282865437531756,20,7820,results/compute_overhead/cifar_clean_sgd_baseline_cosine_seed0.json;results/compute_overhead/cifar_clean_sgd_baseline_cosine_seed0_run2.json;results/compute_overhead/cifar_clean_sgd_baseline_cosine_seed0_run3.json
CIFAR-100,SGD,aees_lr_only_none,\method{}-LR,3,1.7387176770115427,0.029518566855594525,5.140045929897225,0.029637345530711443,0.013340544836405697,0.00022648516768998325,74.9737879872214,1.2662202140148637,1.1351530048193113,0.019171416028051228,-0.4982665701227962,20,7820,results/compute_overhead/cifar_clean_sgd_aees_lr_only_none_seed0.json;results/compute_overhead/cifar_clean_sgd_aees_lr_only_none_seed0_run2.json;results/compute_overhead/cifar_clean_sgd_aees_lr_only_none_seed0_run3.json
CIFAR-100,SGD,aees_noise_only_none,\method{}-Noise,3,1.8116407587894678,0.011271181739017882,5.3431909386530165,0.025684235759851508,0.013900056972809216,8.647965528658153e-05,71.94400366082706,0.44663411595009606,1.089280055427356,0.006762337510037279,3.434243135920445,20,7820,results/compute_overhead/cifar_clean_sgd_aees_noise_only_none_seed0.json;results/compute_overhead/cifar_clean_sgd_aees_noise_only_none_seed0_run2.json;results/compute_overhead/cifar_clean_sgd_aees_noise_only_none_seed0_run3.json
CIFAR-100,SGD,aees_both_none,\method{}-Dual,3,1.8159271885831711,0.01621124624021514,5.373465351301874,0.07372716967663773,0.013932945180945048,0.00012438296347991228,71.7761605960162,0.6429091366317355,1.0867387998169205,0.009734071838516229,4.020299482150991,20,7820,results/compute_overhead/cifar_clean_sgd_aees_both_none_seed0.json;results/compute_overhead/cifar_clean_sgd_aees_both_none_seed0_run2.json;results/compute_overhead/cifar_clean_sgd_aees_both_none_seed0_run3.json
CIFAR-100,SGD,aees_lr_only_cosine,Cosine + \method{}-LR,3,1.7368455795445092,0.03044624376636025,5.138415224446809,0.02031473946159736,0.013326180917221297,0.00023360289334803215,75.05547562988488,1.3025121598579679,1.136389810048385,0.019720900220867334,-0.5298339960257636,20,7820,results/compute_overhead/cifar_clean_sgd_aees_lr_only_cosine_seed0.json;results/compute_overhead/cifar_clean_sgd_aees_lr_only_cosine_seed0_run2.json;results/compute_overhead/cifar_clean_sgd_aees_lr_only_cosine_seed0_run3.json
CIFAR-100,SGD,aees_noise_only_cosine,Cosine + \method{}-Noise,3,1.8042287868606055,0.019212475610372492,5.341755528330778,0.07207691162431544,0.013843187622971398,0.0001474102988008117,72.24319228351347,0.7740159468292664,1.0938099701237844,0.011719116125906067,3.4064562606290982,20,7820,results/compute_overhead/cifar_clean_sgd_aees_noise_only_cosine_seed0.json;results/compute_overhead/cifar_clean_sgd_aees_noise_only_cosine_seed0_run2.json;results/compute_overhead/cifar_clean_sgd_aees_noise_only_cosine_seed0_run3.json
CIFAR-100,SGD,aees_both_cosine,Cosine + \method{}-Dual,3,1.7807251677615568,0.024347690383481703,5.271699015836419,0.013823665516539026,0.013662852949577163,0.00018681092365842807,73.20021447138465,0.9937875812188515,1.108299922431195,0.015046604810270077,2.050292419622335,20,7820,results/compute_overhead/cifar_clean_sgd_aees_both_cosine_seed0.json;results/compute_overhead/cifar_clean_sgd_aees_both_cosine_seed0_run2.json;results/compute_overhead/cifar_clean_sgd_aees_both_cosine_seed0_run3.json
CIFAR-100,AdamW,baseline_none,Baseline,3,1.552459545788588,0.030523100346645498,4.58313091528365,0.020017757012071376,0.011911454315513463,0.00023419258577988929,83.97420775021222,1.6328867673505256,1.27142534496485,0.024722991464744593,0.0,20,7820,results/compute_overhead/cifar_clean_adamw_baseline_none_seed0.json;results/compute_overhead/cifar_clean_adamw_baseline_none_seed0_run2.json;results/compute_overhead/cifar_clean_adamw_baseline_none_seed0_run3.json
CIFAR-100,AdamW,baseline_cosine,Cosine,3,1.5604958594275458,0.03538371944856892,4.606254837982226,0.07558471531514009,0.011973114010953035,0.0002714863384800691,83.54935057429927,1.911236591941214,1.2649927248078048,0.02893739290100253,0.5045442324473459,20,7820,results/compute_overhead/cifar_clean_adamw_baseline_cosine_seed0.json;results/compute_overhead/cifar_clean_adamw_baseline_cosine_seed0_run2.json;results/compute_overhead/cifar_clean_adamw_baseline_cosine_seed0_run3.json
CIFAR-100,AdamW,aees_lr_only_none,\method{}-LR,3,1.7887856538287856,0.011392231086958346,5.292207991038531,0.044164563375736016,0.013724698111218304,8.740842266208427e-05,72.86331538417711,0.46346549004234394,1.103199046225904,0.00701717570601204,15.471455842342996,20,7820,results/compute_overhead/cifar_clean_adamw_aees_lr_only_none_seed0.json;results/compute_overhead/cifar_clean_adamw_aees_lr_only_none_seed0_run2.json;results/compute_overhead/cifar_clean_adamw_aees_lr_only_none_seed0_run3.json
CIFAR-100,AdamW,aees_noise_only_none,\method{}-Noise,3,1.8172508933283906,0.03297424698972001,5.377107630322459,0.027874340781487743,0.013943101483338036,0.00025299933751703256,71.73564782154725,1.2890492625766052,1.0861254094720199,0.01951706300371739,17.32389341947631,20,7820,results/compute_overhead/cifar_clean_adamw_aees_noise_only_none_seed0.json;results/compute_overhead/cifar_clean_adamw_aees_noise_only_none_seed0_run2.json;results/compute_overhead/cifar_clean_adamw_aees_noise_only_none_seed0_run3.json
CIFAR-100,AdamW,aees_both_none,\method{}-Dual,3,1.8324325003276398,0.029021374495636826,5.421357992811847,0.054633956921848754,0.014059584401490842,0.00022267039254964322,71.13779324539641,1.1304669789196826,1.0770734936387385,0.017116021778016566,18.289398514297496,20,7820,results/compute_overhead/cifar_clean_adamw_aees_both_none_seed0.json;results/compute_overhead/cifar_clean_adamw_aees_both_none_seed0_run2.json;results/compute_overhead/cifar_clean_adamw_aees_both_none_seed0_run3.json
CIFAR-100,AdamW,aees_lr_only_cosine,Cosine + \method{}-LR,3,1.769850400150689,0.017435829842209406,5.228255354956593,0.02190075574482789,0.013579414834915772,0.0001337787455924001,73.6456253431832,0.7231868020208528,1.1150437392113672,0.010949529074075379,14.076063974555165,20,7820,results/compute_overhead/cifar_clean_adamw_aees_lr_only_cosine_seed0.json;results/compute_overhead/cifar_clean_adamw_aees_lr_only_cosine_seed0_run2.json;results/compute_overhead/cifar_clean_adamw_aees_lr_only_cosine_seed0_run3.json
CIFAR-100,AdamW,aees_noise_only_cosine,Cosine + \method{}-Noise,3,1.822654525916894,0.028096291411233702,5.386744819907268,0.014596374801220096,0.013984561579925017,0.00021557256837263723,71.51867320495337,1.0944683396538046,1.0828402694969923,0.016570978441817198,17.534168660636684,20,7820,results/compute_overhead/cifar_clean_adamw_aees_noise_only_cosine_seed0.json;results/compute_overhead/cifar_clean_adamw_aees_noise_only_cosine_seed0_run2.json;results/compute_overhead/cifar_clean_adamw_aees_noise_only_cosine_seed0_run3.json
CIFAR-100,AdamW,aees_both_cosine,Cosine + \method{}-Dual,3,1.8393660353894423,0.01708938753306086,5.434226512020503,0.04144305357315688,0.0141127828802259,0.0001311206204582681,70.86184304975073,0.6612887103872427,1.0728954241803694,0.010012350806886146,18.570178606477317,20,7820,results/compute_overhead/cifar_clean_adamw_aees_both_cosine_seed0.json;results/compute_overhead/cifar_clean_adamw_aees_both_cosine_seed0_run2.json;results/compute_overhead/cifar_clean_adamw_aees_both_cosine_seed0_run3.json
SST-2,AdamW,baseline_none,Baseline,3,2.4699224582498167,0.004046387474159974,48.88158672450421,0.1634072411712326,0.011733598376483691,1.9222743345178034e-05,85.22550016359958,0.1397060035181961,6.200354022745041,0.010163937779806183,0.0,3,12630,results/compute_overhead/sst2_clean_adamw_baseline_none_seed0.json;results/compute_overhead/sst2_clean_adamw_baseline_none_seed0_run2.json;results/compute_overhead/sst2_clean_adamw_baseline_none_seed0_run3.json
SST-2,AdamW,baseline_warmup_linear,Warmup-linear,3,2.5123169344885454,0.029610282262621322,49.138104727123086,0.203456883290643,0.011934997313484777,0.00014066642405045752,83.79498536995372,0.990928476622426,6.096280733197288,0.07209235914701842,0.5247742960239998,3,12630,results/compute_overhead/sst2_clean_adamw_baseline_warmup_linear_seed0.json;results/compute_overhead/sst2_clean_adamw_baseline_warmup_linear_seed0_run2.json;results/compute_overhead/sst2_clean_adamw_baseline_warmup_linear_seed0_run3.json
SST-2,AdamW,aees_lr_only_none,\method{}-LR,3,3.2619437801554643,0.06898619605853529,63.68855211417152,0.7385753379913408,0.015496169976985578,0.00032772539695266183,64.55151360332795,1.3787534762207012,4.696273254793078,0.10030753291266649,30.291499073299555,3,12630,results/compute_overhead/sst2_clean_adamw_aees_lr_only_none_seed0.json;results/compute_overhead/sst2_clean_adamw_aees_lr_only_none_seed0_run2.json;results/compute_overhead/sst2_clean_adamw_aees_lr_only_none_seed0_run3.json
SST-2,AdamW,aees_noise_only_none,\method{}-Noise,3,3.4024758601004983,0.017590442969106723,67.98087952380108,0.9791242767136512,0.016163780808078378,8.356504973447438e-05,61.867819408828815,0.3208039502811997,4.501028239360628,0.02333923602466708,39.07257124638805,3,12630,results/compute_overhead/sst2_clean_adamw_aees_noise_only_none_seed0.json;results/compute_overhead/sst2_clean_adamw_aees_noise_only_none_seed0_run2.json;results/compute_overhead/sst2_clean_adamw_aees_noise_only_none_seed0_run3.json
SST-2,AdamW,aees_both_none,\method{}-Dual,3,3.4136214315166904,0.03229709798973626,67.81322841349174,0.6535908728647426,0.016216728890815633,0.00015343039425052784,61.66841709728203,0.5865972300579197,4.486521255861905,0.04267631739489799,38.72959729332426,3,12630,results/compute_overhead/sst2_clean_adamw_aees_both_none_seed0.json;results/compute_overhead/sst2_clean_adamw_aees_both_none_seed0_run2.json;results/compute_overhead/sst2_clean_adamw_aees_both_none_seed0_run3.json
SST-2,AdamW,aees_lr_only_warmup_linear,Warmup-linear + \method{}-LR,3,3.2081558614118775,0.030892023493705005,63.84251276580229,0.985562780839698,0.015240645422384217,0.0001467554560271022,65.61809779916749,0.6353616599606469,4.773869744066537,0.046224043469063995,30.606465632176793,3,12630,results/compute_overhead/sst2_clean_adamw_aees_lr_only_warmup_linear_seed0.json;results/compute_overhead/sst2_clean_adamw_aees_lr_only_warmup_linear_seed0_run2.json;results/compute_overhead/sst2_clean_adamw_aees_lr_only_warmup_linear_seed0_run3.json
SST-2,AdamW,aees_noise_only_warmup_linear,Warmup-linear + \method{}-Noise,3,3.377119264332901,0.030521034704706497,67.05551834248278,1.156201772767553,0.016043321920821384,0.00014499303897722805,62.33464218838985,0.5662150589067635,4.534990685971138,0.04119346687895201,37.17950425874377,3,12630,results/compute_overhead/sst2_clean_adamw_aees_noise_only_warmup_linear_seed0.json;results/compute_overhead/sst2_clean_adamw_aees_noise_only_warmup_linear_seed0_run2.json;results/compute_overhead/sst2_clean_adamw_aees_noise_only_warmup_linear_seed0_run3.json
SST-2,AdamW,aees_both_warmup_linear,Warmup-linear + \method{}-Dual,3,3.416364664366443,0.07415158825579055,67.79802629484523,1.8435394209541398,0.016229760875850086,0.00035226407722465774,61.63477480632979,1.3526606574439073,4.484073700686051,0.09840921945534559,38.698497405482655,3,12630,results/compute_overhead/sst2_clean_adamw_aees_both_warmup_linear_seed0.json;results/compute_overhead/sst2_clean_adamw_aees_both_warmup_linear_seed0_run2.json;results/compute_overhead/sst2_clean_adamw_aees_both_warmup_linear_seed0_run3.json
AG News,AdamW,baseline_none,Baseline,3,5.886103286545323,0.030318442317239735,117.14091327083104,0.4389153178185448,0.017440306034208364,8.983242168071007e-05,57.3394559425811,0.29487453341673747,11.34963320526228,0.058366751843689856,0.0,3,20250,results/compute_overhead/agnews_clean_adamw_baseline_none_seed0.json;results/compute_overhead/agnews_clean_adamw_baseline_none_seed0_run2.json;results/compute_overhead/agnews_clean_adamw_baseline_none_seed0_run3.json
AG News,AdamW,baseline_warmup_linear,Warmup-linear,3,5.886025319015931,0.014198038315663141,117.25385751783809,0.26462274605288266,0.017440075019306462,4.2068261676038996e-05,57.33942517656191,0.13822699183202505,11.349627115510865,0.027360316392455238,0.0964174205692947,3,20250,results/compute_overhead/agnews_clean_adamw_baseline_warmup_linear_seed0.json;results/compute_overhead/agnews_clean_adamw_baseline_warmup_linear_seed0_run2.json;results/compute_overhead/agnews_clean_adamw_baseline_warmup_linear_seed0_run3.json
AG News,AdamW,aees_lr_only_none,\method{}-LR,3,7.022197759978008,0.026019948234319953,139.81240855315505,0.533576400781012,0.020806511881416318,7.70961429165044e-05,48.06231534380391,0.1777375343128781,9.513338436522123,0.035180937595203944,19.354036646365635,3,20250,results/compute_overhead/agnews_clean_adamw_aees_lr_only_none_seed0.json;results/compute_overhead/agnews_clean_adamw_aees_lr_only_none_seed0_run2.json;results/compute_overhead/agnews_clean_adamw_aees_lr_only_none_seed0_run3.json
AG News,AdamW,aees_noise_only_none,\method{}-Noise,3,7.49843146419379,0.06707523147035316,148.4508884740159,1.0479408268672263,0.02221757470872234,0.0001987414265788241,45.011821563622824,0.4038577063039665,8.909531076810527,0.0799386174549434,26.728471145513332,3,20250,results/compute_overhead/agnews_clean_adamw_aees_noise_only_none_seed0.json;results/compute_overhead/agnews_clean_adamw_aees_noise_only_none_seed0_run2.json;results/compute_overhead/agnews_clean_adamw_aees_noise_only_none_seed0_run3.json
AG News,AdamW,aees_both_none,\method{}-Dual,3,7.380236206889579,0.017980828754347006,145.78554939400055,1.3552637059617394,0.02186736653893209,5.32765296425104e-05,45.73042453043448,0.11135836183890815,9.0517696097623,0.022042004766772413,24.453143930116727,3,20250,results/compute_overhead/agnews_clean_adamw_aees_both_none_seed0.json;results/compute_overhead/agnews_clean_adamw_aees_both_none_seed0_run2.json;results/compute_overhead/agnews_clean_adamw_aees_both_none_seed0_run3.json
AG News,AdamW,aees_lr_only_warmup_linear,Warmup-linear + \method{}-LR,3,7.080623015698964,0.045781168074882035,140.0476982301819,0.5937978347559417,0.020979623750219153,0.00013564790540705982,47.666622962201785,0.30758302242034524,9.43501604368676,0.06088223941525812,19.554897020812987,3,20250,results/compute_overhead/agnews_clean_adamw_aees_lr_only_warmup_linear_seed0.json;results/compute_overhead/agnews_clean_adamw_aees_lr_only_warmup_linear_seed0_run2.json;results/compute_overhead/agnews_clean_adamw_aees_lr_only_warmup_linear_seed0_run3.json
AG News,AdamW,aees_noise_only_warmup_linear,Warmup-linear + \method{}-Noise,3,7.404120853039785,0.05750303410080997,145.53306168347868,0.3743874853711589,0.02193813586085862,0.00017037936029869603,45.58456556434225,0.355610974774593,9.022898638846508,0.0703887761247519,24.237602063938745,3,20250,results/compute_overhead/agnews_clean_adamw_aees_noise_only_warmup_linear_seed0.json;results/compute_overhead/agnews_clean_adamw_aees_noise_only_warmup_linear_seed0_run2.json;results/compute_overhead/agnews_clean_adamw_aees_noise_only_warmup_linear_seed0_run3.json
AG News,AdamW,aees_both_warmup_linear,Warmup-linear + \method{}-Dual,3,7.432518946094206,0.073726748101855,146.60361262066485,0.4384435929019312,0.022022278358797647,0.00021844962400549643,45.411555765087215,0.4526586128376771,8.988653497692274,0.0895981508449446,25.15150217560258,3,20250,results/compute_overhead/agnews_clean_adamw_aees_both_warmup_linear_seed0.json;results/compute_overhead/agnews_clean_adamw_aees_both_warmup_linear_seed0_run2.json;results/compute_overhead/agnews_clean_adamw_aees_both_warmup_linear_seed0_run3.json
